"donor","gene","detected_pct_P2","mean_UMI_per_cell_P2","detected_pct_P5","mean_UMI_per_cell_P5","delta_detected_pct","log2_mean_UMI_fold_change"
"K82","ABCA12",40.4644808743169,1.01530054644809,39.7322392571799,1.0244007773699,-0.732241617137063,0.0128607890008326
"K82","ANLN",51.0109289617486,2.6672131147541,30.4469876916433,1.17965882098899,-20.5639412701054,-1.17628177720208
"K82","AURKB",31.6939890710383,1.06912568306011,13.474411574174,0.33318937594472,-18.2195774968642,-1.6790424715841
"K82","CCNA2",36.6393442622951,1.38032786885246,15.6769596199525,0.459727920535521,-20.9623846423426,-1.5840688607178
"K82","CENPF",46.9398907103825,4.35491803278688,20.8810192183114,1.2774778665515,-26.0588714920711,-1.76854962212415
"K82","CKAP2L",33.7704918032787,1.03688524590164,14.1870006478082,0.358453897646297,-19.5834911554704,-1.52976828809132
"K82","CLDN1",55.1639344262295,3.91338797814208,57.6549341394947,4.60807600950119,2.4909997132652,0.235690802650033
"K82","COL17A1",75.9289617486339,13.1625683060109,69.5098250917728,14.0814079032606,-6.41913665686104,0.0973434168685833
"K82","COL1A1",32.7595628415301,3.28633879781421,35.7374217231699,2.9844526020298,2.97785888163989,-0.138970486062139
"K82","COL1A2",10.7650273224044,1.14863387978142,18.4625350896135,1.62902180954437,7.6975077672091,0.503716783868333
"K82","DCN",2.40437158469945,0.0344262295081967,4.83696825739581,0.0874541135823796,2.43259667269636,1.32011131298812
"K82","DSG1",51.3661202185792,4.35983606557377,38.9980565752537,3.477218743252,-12.3680636433255,-0.326256091235623
"K82","FLG",28.0874316939891,9.51994535519126,37.8967825523645,13.2986396026776,9.80935085837543,0.482210417646756
"K82","FOXM1",33.0601092896175,0.638524590163934,11.3582379615634,0.177931332325632,-21.7018713280541,-1.83759379569966
"K82","HMGB2",59.8907103825137,3.99699453551913,25.7611746922911,1.07147484344634,-34.1295356902226,-1.8983326927188
"K82","ITGA6",79.5081967213115,13.598087431694,74.0228892247895,13.4996760958756,-5.48530749652201,-0.0104781851781045
"K82","ITGB4",70.7377049180328,7.30491803278689,66.5083135391924,7.56251349600518,-4.22939137884039,0.0499910007630456
"K82","IVL",42.4863387978142,9.02950819672131,70.6758799395379,19.1183329734399,28.1895411417237,1.0821531085655
"K82","KRT1",21.1748633879781,5.77950819672131,27.7045994385662,5.41740444828331,6.52973605058804,-0.0933282484077022
"K82","KRT10",89.2622950819672,19.7901639344262,88.4258259555172,22.2051392787735,-0.836469126450041,0.166102129257327
"K82","KRT14",99.8907103825137,659.43087431694,99.9352191751242,370.047937810408,0.0445087926105003,-0.833507547591346
"K82","KRT5",99.4808743169399,406.825409836066,99.4169725761175,242.173396674584,-0.0639017408224021,-0.74836698975203
"K82","LMNB1",31.5027322404372,0.578415300546448,10.6240552796372,0.166918592096739,-20.8786769607999,-1.78683580657228
"K82","LOR",0.355191256830601,0.0581967213114754,7.51457568559706,1.24465558194774,7.15938442876646,4.39524414221643
"K82","LUM",0.109289617486339,0.00109289617486339,0.0647808248758368,0.000863744331677823,-0.044508792610502,-0.167296778884165
"K82","MKI67",49.4535519125683,5.28825136612022,21.1833297343986,1.55344418052257,-28.2702221781697,-1.766664728577
"K82","SPINK5",72.103825136612,24.177868852459,75.3185057223062,30.2910818397754,3.21468058569418,0.325193978232377
"K82","SPRR1A",15.7650273224044,1.08333333333333,20.5787087022241,1.21831137983157,4.81368137981977,0.169258277453417
"K82","SPRR1B",63.7158469945355,37.9207650273224,82.2932412006046,57.5128481969337,18.5773942060691,0.600883255840061
"K82","TGM1",51.2841530054645,3.45245901639344,50.5506370114446,3.39710645648888,-0.733515994019868,-0.023311052461463
"K82","TOP2A",40.7103825136612,3.63005464480874,17.058950550637,1.0855106888361,-23.6514319630242,-1.74068627436043
"K82","TP63",68.7431693989071,2.22103825136612,49.6652990714748,1.19628589937379,-19.0778703274323,-0.892115958337732
"K82","TYMS",55.792349726776,2.10819672131148,29.777585834593,0.972792053552149,-26.014763892183,-1.11500802627744
"K82","UBE2C",40.7377049180328,4.05464480874317,19.045562513496,1.9511984452602,-21.6921424045368,-1.05483159391957
"K82","VIM",57.7868852459016,10.9224043715847,79.2053552148564,22.2496221118549,21.4184699689548,1.02642311891005
"K86","ABCA12",33.8490835515354,0.682932635086884,48.0151706700379,1.31352718078382,14.1660871185026,0.942617836273699
"K86","ANLN",46.1556772197096,1.82694596524637,21.8204804045512,0.91251580278129,-24.3351968151584,-1.00072183327167
"K86","AURKB",26.3270649845275,0.657700547488693,7.13021491782554,0.192920353982301,-19.196850066702,-1.76415851181978
"K86","CCNA2",31.3734825041657,0.90121399666746,8.84955752212389,0.2826801517067,-22.5239249820418,-1.66920445487817
"K86","CENPF",41.5853368245656,2.6693644370388,12.1871049304678,0.899873577749684,-29.3982318940978,-1.56764007894396
"K86","CKAP2L",28.15996191383,0.635800999761961,8.34386852085967,0.206826801517067,-19.8160933929704,-1.61546088348776
"K86","CLDN1",32.9683408712211,1.43299214472745,47.3577749683944,3.38407079646018,14.3894340971733,1.23914888598897
"K86","COL17A1",79.7667222089979,13.6626993572959,83.9696586599241,37.4108723135272,4.20293645092629,1.45314803200487
"K86","COL1A1",29.1359200190431,2.63008807426803,37.0670037926675,2.2897597977244,7.93108377362442,-0.199833352906272
"K86","COL1A2",12.2827898119495,0.900499880980719,8.36915297092288,0.545132743362832,-3.91363684102665,-0.723075645069537
"K86","DCN",2.07093549154963,0.0278505117829088,3.66624525916561,0.0510745891276865,1.59530976761598,0.851982640092412
"K86","DSG1",37.4434658414663,2.08117114972626,39.2414664981037,3.79570164348925,1.79800065663735,0.866657972232918
"K86","FLG",13.1159247798143,1.86407998095692,30.7964601769912,10.4106194690265,17.6805353971768,2.48088508463787
"K86","FOXM1",26.1842418471792,0.432278029040705,7.7370417193426,0.123893805309735,-18.4472001278366,-1.79459115975845
"K86","HMGB2",50.1785289216853,2.34301356819805,15.448798988622,0.543109987357775,-34.7297299330633,-2.10701070574648
"K86","ITGA6",80.6474648893121,13.4232325636753,83.0594184576485,20.9286978508217,2.41195356833649,0.640711869843003
"K86","ITGB4",74.8869316829326,7.99785765293978,78.3312262958281,14.1706700379267,3.44429461289542,0.825143897279586
"K86","IVL",31.6353249226375,3.81885265412997,65.2844500632111,15.2040455120101,33.6491251405737,1.99296124032158
"K86","KRT1",9.66436562723161,1.72601761485361,18.3565107458913,3.1251580278129,8.69214511865967,0.856107910832557
"K86","KRT10",83.5277314925018,7.37752915972388,89.9873577749684,15.3987357774968,6.4596262824666,1.06150043555498
"K86","KRT14",99.9285884313259,475.011901928112,99.9747155499368,564.5198482933,0.0461271186109258,0.249060162758244
"K86","KRT5",99.5715305879552,246.640085693882,99.8230088495575,308.507711757269,0.251478261602287,0.322898083987986
"K86","LMNB1",25.6605570102357,0.403951440133302,7.33249051833123,0.117572692793932,-18.3280664919044,-1.77197712068053
"K86","LOR",0.261842418471792,0.0418947869554868,3.71681415929204,0.475094816687737,3.45497174082024,3.47237469077119
"K86","LUM",0.0476077124494168,0.000476077124494168,0.0252844500632111,0.000252844500632111,-0.0223232623862057,-0.23656074094639
"K86","MKI67",47.6315163056415,3.34610806950726,13.0214917825537,1.12085967130215,-34.6100245230878,-1.57702290609685
"K86","SPINK5",72.6017614853606,10.651273506308,78.4576485461441,28.2495575221239,5.8558870607835,1.40711796268518
"K86","SPRR1A",14.9012139966675,0.696500833134968,19.1403286978508,0.991908975979772,4.23911470118336,0.509466525889658
"K86","SPRR1B",60.8902642228041,23.6641275886694,88.5714285714286,56.360809102402,27.6811643486245,1.25195521976935
"K86","TGM1",37.8957391097358,1.60842656510355,52.0353982300885,4.06042983565107,14.1396591203527,1.33544096987559
"K86","TOP2A",35.753392049512,2.1713877648179,9.86093552465234,0.84070796460177,-25.8924565248597,-1.36788996903079
"K86","TP63",60.3665793858605,1.48774101404428,58.558786346397,1.56814159292035,-1.80779303946355,0.075882740989742
"K86","TYMS",55.9390621280647,2.02999285884313,30.6447534766119,0.853603034134008,-25.2943086514529,-1.24885882279194
"K86","UBE2C",37.2054272792192,2.91240180909307,11.6561314791403,1.35752212389381,-25.5492958000789,-1.10066662766996
"K86","VIM",64.4132349440609,10.4767912401809,84.7787610619469,28.4839443742099,20.365526117886,1.44286496578888
